Section,Category,Item,Description,Priority,Audience,Type
Header,Value Proposition,Primary Headline,Say goodbye to complicated financial processes and embrace a streamlined automated and cost-effective approach,High,All,Messaging
Header,Value Proposition,Key Promise,Transform business financial operations through technology-driven payment management,High,All,Messaging
Target Audience,Primary Segments,Finance Professionals,CFOs Finance Managers Accounting Teams,High,Business,Persona
Target Audience,Primary Segments,Business Owners,SME owners looking to streamline operations,High,Business,Persona
Target Audience,Primary Segments,Operations Managers,Those responsible for vendor payment processes,Medium,Business,Persona
Target Audience,Primary Segments,IT Decision Makers,Seeking integrated business management solutions,Medium,Technical,Persona
Target Audience,Company Sizes,Small Businesses,Startups and growing companies,High,Business,Segment
Target Audience,Company Sizes,Medium Enterprises,Established businesses with complex payment needs,High,Business,Segment
Target Audience,Company Sizes,Large Corporations,Enterprise-level organizations requiring scalable solutions,Medium,Business,Segment
Target Audience,Industries,Retail and E-commerce,Online and offline retail operations,High,Industry,Vertical
Target Audience,Industries,Healthcare and Medical Services,Medical practices and healthcare organizations,High,Industry,Vertical
Target Audience,Industries,Real Estate and Property Management,Property management and real estate companies,Medium,Industry,Vertical
Target Audience,Industries,Technology and Software Companies,Tech startups and software companies,High,Industry,Vertical
Target Audience,Industries,Professional Services,Consulting and professional service firms,Medium,Industry,Vertical
Target Audience,Industries,Manufacturing and Distribution,Manufacturing and distribution companies,Medium,Industry,Vertical
Features,Core Features,Payments Suite,Comprehensive end-to-end accounts payable processing,High,All,Feature
Features,Core Features,Multi-Currency Support,Handle international vendor payments,Medium,Business,Feature
Features,Core Features,Payment Scheduling,Automated recurring and scheduled payments,High,All,Feature
Features,Core Features,Approval Workflows,Customizable approval processes for different payment amounts,High,Business,Feature
Features,Automation,Invoice Processing,Automated invoice capture and data extraction,High,All,Feature
Features,Automation,Vendor Management,Centralized vendor database with payment preferences,High,All,Feature
Features,Automation,Duplicate Detection,Prevent duplicate payments through intelligent matching,Medium,All,Feature
Features,Automation,Compliance Automation,Built-in compliance checks for financial regulations,High,Business,Feature
Features,Integration,ERP Integration,Seamless connection with major accounting systems,High,Technical,Feature
Features,Integration,Bank Connectivity,Direct bank integration for payment execution,High,Technical,Feature
Features,Integration,API Access,Custom integrations through robust API framework,Medium,Technical,Feature
Features,Integration,Cross-Platform Sync,Real-time data synchronization across systems,Medium,Technical,Feature
Benefits,Cost Reduction,Reduced Processing Costs,Up to 70% reduction in manual processing time,High,Business,Benefit
Benefits,Cost Reduction,Error Elimination,Minimize costly payment errors and duplicates,High,Business,Benefit
Benefits,Cost Reduction,Resource Optimization,Free up finance team for strategic activities,Medium,Business,Benefit
Benefits,Cost Reduction,Vendor Discounts,Take advantage of early payment discounts,Medium,Business,Benefit
Benefits,Operational Efficiency,Streamlined Workflows,Eliminate paper-based processes,High,All,Benefit
Benefits,Operational Efficiency,Faster Processing,Reduce payment cycle times,High,All,Benefit
Benefits,Operational Efficiency,Improved Visibility,Real-time tracking of payment status,Medium,All,Benefit
Benefits,Operational Efficiency,Enhanced Control,Better cash flow management and forecasting,High,Business,Benefit
Benefits,Risk Management,Fraud Prevention,Advanced security measures and approval controls,High,All,Benefit
Benefits,Risk Management,Compliance Assurance,Automated compliance with financial regulations,High,Business,Benefit
Benefits,Risk Management,Audit Trail,Complete documentation for audit purposes,Medium,Business,Benefit
Benefits,Risk Management,Vendor Verification,Enhanced vendor validation processes,Medium,All,Benefit
Use Cases,Small Business,Optimization Scenario,Growing startup with increasing vendor payments,High,Small Business,Use Case
Use Cases,Small Business,Solution,Automated invoice processing and payment scheduling,High,Small Business,Solution
Use Cases,Small Business,Outcome,50% reduction in time spent on accounts payable,High,Small Business,Result
Use Cases,Enterprise,Multi-Location Scenario,Large corporation with multiple offices and vendors,Medium,Large Business,Use Case
Use Cases,Enterprise,Solution,Centralized payment processing with location-specific approval workflows,Medium,Large Business,Solution
Use Cases,Enterprise,Outcome,Standardized processes across all locations with improved control,Medium,Large Business,Result
Use Cases,International,Global Operations,Company with global suppliers requiring multi-currency payments,Medium,Enterprise,Use Case
Use Cases,International,Solution,Cross-border payment capabilities with currency management,Medium,Enterprise,Solution
Use Cases,International,Outcome,Simplified international payments with reduced forex costs,Medium,Enterprise,Result
Use Cases,Compliance,Industry Requirement,Healthcare organization requiring strict financial compliance,Medium,Healthcare,Use Case
Use Cases,Compliance,Solution,Automated compliance checks and audit trail generation,Medium,Healthcare,Solution
Use Cases,Compliance,Outcome,100% compliance with reduced audit preparation time,Medium,Healthcare,Result
Integrations,Accounting Systems,Microsoft Dynamics 365,Business Central integration,High,Technical,Integration
Integrations,Accounting Systems,Oracle NetSuite,NetSuite ERP integration,High,Technical,Integration
Integrations,Accounting Systems,QuickBooks Online,QuickBooks cloud integration,High,Technical,Integration
Integrations,Accounting Systems,Xero,Xero accounting software integration,High,Technical,Integration
Integrations,Accounting Systems,Sage Intacct,Sage Intacct financial management integration,Medium,Technical,Integration
Integrations,Accounting Systems,SAP Business One,SAP ERP integration,Medium,Technical,Integration
Integrations,Banking Partners,UAE Banks,Emirates NBD ADCB FAB integration,High,Regional,Integration
Integrations,Banking Partners,International Banks,HSBC Citibank Standard Chartered integration,Medium,International,Integration
Integrations,Banking Partners,Digital Payment Platforms,Various fintech partner integrations,Medium,Technical,Integration
Integrations,Business Applications,HR & Payroll,Integrated with Bayzat HR suite,High,All,Integration
Integrations,Business Applications,Expense Management,Connect with expense reporting tools,Medium,All,Integration
Integrations,Business Applications,Procurement Systems,Link with purchase order systems,Medium,Business,Integration
Integrations,Business Applications,Document Management,Integration with document storage solutions,Low,All,Integration
Technical,API Features,RESTful APIs,Modern API architecture for easy integration,Medium,Technical,Technical
Technical,API Features,Webhook Support,Real-time notifications for payment events,Medium,Technical,Technical
Technical,API Features,Bulk Operations,Process large volumes of payments efficiently,Medium,Technical,Technical
Technical,API Features,Rate Limiting,Controlled access to prevent system overload,Low,Technical,Technical
Technical,Security Standards,ISO 27001:2022,International security management standard,High,All,Certification
Technical,Security Standards,SOC 2 Type 2,Rigorous security and availability controls,High,All,Certification
Technical,Security Standards,Bank-Level Encryption,End-to-end encryption for all transactions,High,All,Security
Technical,Security Standards,Multi-Factor Authentication,Enhanced access security,High,All,Security
Pricing,Structure,Subscription-Based,Monthly or annual subscription options,High,All,Pricing
Pricing,Structure,Scalable Tiers,Different plans based on transaction volume,High,All,Pricing
Pricing,Structure,Custom Enterprise,Tailored solutions for large organizations,Medium,Enterprise,Pricing
Pricing,Structure,Implementation Support,Professional services for setup and training,Medium,All,Service
Pricing,Value Drivers,No Hidden Fees,Transparent pricing structure,High,All,Value
Pricing,Value Drivers,ROI Guarantee,Measurable returns through efficiency gains,High,Business,Value
Pricing,Value Drivers,Free Demo Available,Test the platform before commitment,High,All,Offer
Pricing,Value Drivers,Flexible Terms,Adaptable contract options,Medium,All,Value
Social Proof,Statistics,4000+ Companies,Trusted by thousands of businesses,High,All,Statistic
Social Proof,Statistics,Cross-Industry Adoption,Success across multiple sectors,Medium,All,Statistic
Social Proof,Statistics,Regional Leader,Strong presence in MENA region,Medium,Regional,Statistic
Social Proof,Statistics,Growth Trajectory,Rapidly expanding customer base,Medium,All,Statistic
Social Proof,Notable Clients,Abu Dhabi Aviation,Leading aviation services company,Medium,All,Client
Social Proof,Notable Clients,Costa Coffee,International coffee chain operations,Medium,All,Client
Social Proof,Notable Clients,Bayt.com,Major job portal and recruitment platform,Medium,All,Client
Social Proof,Notable Clients,Careem,Ride-hailing and delivery services,High,All,Client
Social Proof,Notable Clients,Deliveroo,Food delivery platform operations,High,All,Client
Social Proof,Certifications,ISO 27001:2022,Information security management,High,All,Certification
Social Proof,Certifications,SOC 2 Type 2,Security availability and confidentiality,High,All,Certification
Social Proof,Certifications,Industry Recognition,Featured in fintech publications,Low,All,Award
Social Proof,Certifications,Customer Satisfaction,High NPS scores from users,Medium,All,Metric
CTA,Primary,GET A FREE DEMO,Free demonstration with no obligations,High,All,Action
CTA,Primary,Immediate Value,See the platform in action,High,All,Value
CTA,Primary,No Commitment,Free demonstration with no obligations,High,All,Assurance
CTA,Primary,Expert Consultation,Speak with solution specialists,Medium,All,Service
CTA,Primary,Custom Scenarios,Demo tailored to your business needs,Medium,All,Personalization
CTA,Secondary,Email Registration,Get started with basic contact information,Medium,All,Lead Capture
CTA,Secondary,Company Details,Provide business context for personalized follow-up,Medium,All,Lead Capture
CTA,Secondary,Use Case Specification,Identify specific pain points to address,Medium,All,Lead Capture
CTA,Secondary,Preferred Contact Method,Choose communication preferences,Low,All,Lead Capture
CTA,Resources,Product Brochure,Detailed feature and benefit documentation,Medium,All,Resource
CTA,Resources,ROI Calculator,Quantify potential savings and benefits,High,Business,Tool
CTA,Resources,Implementation Guide,Understand the deployment process,Medium,Technical,Resource
CTA,Resources,Case Studies,Learn from successful customer implementations,Medium,All,Resource
CTA,Navigation,Product Tour,Interactive platform walkthrough,Medium,All,Experience
CTA,Navigation,Pricing Calculator,Estimate costs based on usage,High,All,Tool
CTA,Navigation,Customer Stories,Real success stories and testimonials,Medium,All,Social Proof
CTA,Navigation,Support Center,Access help documentation and resources,Low,All,Support
Competitive,USP,Comprehensive Platform Integration,Complete business management integration including HR payroll and financial operations,High,All,Advantage
Competitive,USP,Regional Expertise,Deep understanding of MENA business requirements local banking relationships and regulatory compliance,High,Regional,Advantage
Competitive,USP,Scalable Architecture,Built to grow with your business from startup to enterprise without platform migration needs,High,All,Advantage
Competitive,USP,Industry-Specific Solutions,Tailored workflows and features for different industry requirements and compliance needs,Medium,Industry,Advantage
Competitive,Innovation,AI-Powered Processing,Machine learning for intelligent invoice processing,Medium,Technical,Innovation
Competitive,Innovation,Predictive Analytics,Cash flow forecasting and payment optimization,Medium,Business,Innovation
Competitive,Innovation,Mobile-First Design,Complete functionality on mobile devices,Medium,All,Innovation
Competitive,Innovation,Cloud-Native Architecture,Reliable scalable and secure infrastructure,Medium,Technical,Innovation
Implementation,Process,Discovery Phase,Understand current processes and requirements,High,All,Phase
Implementation,Process,Configuration Setup,Customize workflows and integrations,High,Technical,Phase
Implementation,Process,Data Migration,Secure transfer of existing vendor and payment data,High,Technical,Phase
Implementation,Process,User Training,Comprehensive training for all system users,High,All,Phase
Implementation,Process,Go-Live Support,Dedicated support during transition period,High,All,Phase
Implementation,Support,24/7 Technical Support,Round-the-clock assistance for critical issues,High,All,Support
Implementation,Support,Customer Success Manager,Dedicated relationship management,Medium,All,Support
Implementation,Support,Regular Updates,Continuous platform improvements and new features,Medium,All,Support
Implementation,Support,Training Resources,Ongoing education and best practice sharing,Medium,All,Support
Next Steps,Getting Started,Schedule Demo,Book a personalized demonstration,High,All,Action
Next Steps,Getting Started,Needs Assessment,Discuss current challenges and requirements,High,All,Action
Next Steps,Getting Started,Solution Design,Develop customized implementation plan,Medium,All,Action
Next Steps,Getting Started,Pilot Program,Test with limited scope before full deployment,Medium,All,Action
Next Steps,Getting Started,Full Implementation,Complete rollout with support,Low,All,Action
Next Steps,Preparation,Document Current Processes,Document current accounts payable processes,High,All,Preparation
Next Steps,Preparation,Identify Stakeholders,Identify key stakeholders and decision makers,High,All,Preparation
Next Steps,Preparation,Gather Data,Gather vendor payment data and requirements,High,All,Preparation
Next Steps,Preparation,Review Integration Needs,Review integration needs with existing systems,Medium,Technical,Preparation
Next Steps,Preparation,Define Success Metrics,Define success metrics and ROI expectations,Medium,Business,Preparation